ID,Title,Year,IMDB_Scores
12,The Smiling Madame Beudet,1922,NA
15,"Nosferatu, A Symphony of Terror",1922,NA
28,The Battleship Potemkin,1925,NA
44,An Andalusian Dog,1928,NA
54,The Age of Gold,1930,NA
72,Scarface: The Shame of a Nation,1932,NA
83,Land Without Bread,1933,NA
125,Olympia Part 1: Festival of the Nations,1938,NA
126,Olympia Part 2: Festival of Beauty,1938,NA
139,The Story of the Late Chrysanthemums,1939,NA
189,The Children of Paradise,1945,NA
232,Whiskey Galore!,1949,NA
243,The Big Carnival,1951,NA
255,Europa '51,1952,NA
267,Mr. Hulot's Holiday,1953,NA
274,Tales of Ugetsu,1953,NA
275,Voyage in Italy,1953,NA
286,The Wanton Countess,1954,NA
290,Sansho the Baliff,1954,NA
296,The Sins of Lola Montes,1955,NA
314,Bob the Gambler,1955,NA
399,My Life to Live,1962,NA
406,Keeper of Promises,1962,NA
434,The Red Desert,1964,NA
463,Pierrot Goes Wild,1965,NA
476,Two or Three Things I Know About Her,1967,NA
488,Earth Entranced,1967,NA
514,The Color of Pomengranates,1968,NA
543,McCabe and Mrs. Miller,1971,NA
594,Pat Garrett and Billy the Kid,1973,NA
621,Manila in the Claws of Brightness,1975,NA
664,Shaolin Master Killer,1978,NA
668,Nosferatu: Phantom of the Night,1979,NA
750,The Time to Live and the Time to Die,1985,NA
788,"Project A, Part II",1987,NA
805,Hotel Terminus: The Life and Times of Klaus Barbie,1988,NA
819,The Decalogue,1988,NA
847,"No Fear, No Die",1990,NA
889,Aileen Wuornos: The Selling of a Serial Killer,1992,NA
890,The Blue Kite,1993,NA
931,The Brave-Hearted Will Take the Bride,1995,NA
958,Hana-Bi,1997,NA
969,"Fast, Cheap, and Out of Control",1997,NA
1044,Talk to Her,2002,NA
1045,The Pianist,2002,NA
1046,Adaptation.,2002,NA
1047,Far from Heaven,2002,NA
1048,Chicago,2002,NA
1049,Hero,2002,NA
1050,Distant,2002,NA
1051,Rabbit-Proof Fence,2002,NA
1052,Irreversible,2002,NA
1053,Bus 174,2002,NA
1054,Elephant,2003,NA
1055,Aileen: Life and Death of a Serial Killer,2003,NA
1056,Oldboy,2003,NA
1057,"Good Bye, Lenin!",2003,NA
1058,Osama,2003,NA
1059,The Barbarian Invasions,2003,NA
1060,"Kill Bill, Vol. 1",2003,NA
1061,The Best of Youth,2003,NA
1062,Lost in Translation,2003,NA
1063,Head-On,2004,NA
1064,The Consequences of Love,2004,NA
1065,Moolaadé,2004,NA
1066,Downfall,2004,NA
1067,Fahrenheit 9/11,2004,NA
1068,The Passion of the Christ,2004,NA
1069,Collateral,2004,NA
1070,The Aviator,2004,NA
1071,Million Dollar Baby,2004,NA
1072,3-Iron,2004,NA
1073,Crash,2004,NA
1074,Sideways,2004,NA
1075,A Very Long Engagement,2004,NA
1076,Tsotsi,2005,NA
1077,Brokeback Mountain,2005,NA
1078,"Go, See, and Become",2005,NA
1079,Paradise Now,2005,NA
1080,Hidden,2005,NA
1081,The Constant Gardener,2005,NA
1082,Pan's Labyrinth,2006,NA
1083,The Lives of Others,2006,NA
1084,Apocalypto,2006,NA
1085,Borat: Cultural Learnings of America for Make Benefit Glorious Nation of Kazakhstan,2006,NA
1086,Once,2006,NA
1087,The Queen,2006,NA
1088,The Host,2006,NA
1089,The Prestige,2006,NA
1090,Children of Men,2006,NA
1091,United 93,2006,NA
1092,The Last King of Scotland,2006,NA
1093,Babel,2006,NA
1094,Volver,2006,NA
1095,Little Miss Sunshine,2006,NA
1096,The Departed,2006,NA
1097,Paranormal Activity,2007,NA
1098,There Will Be Blood,2007,NA
1099,La Vie en Rose,2007,NA
1100,Into the Wild,2007,NA
1101,Atonement,2007,NA
1102,Surfwise,2007,NA
1103,The Bourne Ultimatum,2007,NA
1104,No Country for Old Men,2007,NA
1105,The Diving Bell and the Butterfly,2007,NA
1106,The Hurt Locker,2008,NA
1107,Slumdog Millionaire,2008,NA
1108,The Dark Knight,2008,NA
1109,Let the Right One In,2008,NA
1110,Wall-E,2008,NA
1111,"The Good, the Bad, the Weird",2008,NA
1112,The Wrestler,2008,NA
1113,The Curious Case of Benjamin Button,2008,NA
1114,The Class,2008,NA
1115,Anvil! The Story of Anvil,2008,NA
1116,Gomorrah,2008,NA
1117,District 9,2009,NA
1118,Avatar,2009,NA
1119,An Education,2009,NA
1120,"Precious: Based on the Novel ""Push"" by Sapphire",2009,NA
1121,The Hangover,2009,NA
1122,In the Loop,2009,NA
1123,Fish Tank,2009,NA
1124,Inglourious Basterds,2009,NA
1125,The White Ribbon,2009,NA
1126,Nostalgia for the Light,2010,NA
1127,Black Swan,2010,NA
1128,Inception,2010,NA
1129,The Social Network,2010,NA
1130,Monsters,2010,NA
1131,Four Lions,2010,NA
1132,True Grit,2010,NA
1133,Of Gods and Men,2010,NA
1134,The King's Speech,2010,NA
1135,Senna,2010,NA
1136,Cave of Forgotten Dreams,2010,NA
1137,The Artist,2011,NA
1138,A Separation,2011,NA
1139,The Girl with the Dragon Tattoo,2011,NA
1140,War Horse,2011,NA
1141,The Descendants,2011,NA
1142,Hugo,2011,NA
1143,Le Havre,2011,NA
1145,Tinker Tailor Soldier Spy,2011,NA
1146,Bridesmaids,2011,NA
1147,The Tree of Life,2011,NA
1148,The Kid with a Bike,2011,NA
1149,Drive,2011,NA
1150,The Cabin in the Woods,2012,NA
1151,Wadjda,2012,NA
1152,Lincoln,2012,NA
1153,Life of Pi,2012,NA
1154,Les Misérables,2012,NA
1155,Argo,2012,NA
1156,Skyfall,2012,NA
1157,Blancanieves,2012,NA
1158,Amour,2012,NA
1159,Django Unchained,2012,NA
1160,The Act of Killing,2012,NA
1161,Gravity,2013,NA
1162,The Great Beauty,2013,NA
1163,Blue Is the Warmest Color,2013,NA
1164,12 Years a Slave,2013,NA
1165,Nebraska,2013,NA
1166,Inside Llewyn Davis,2013,NA
1167,American Hustle,2013,NA
1168,A Touch of Sin,2013,NA
1169,Ida,2013,NA
1170,Under the Skin,2013,NA
1171,The Wolf of Wall Street,2013,NA
1172,Leviathan,2014,NA
1173,Boyhood,2014,NA
1174,Birdman: Or,2014,NA
1175,Whiplash,2014,NA
1176,The Grand Budapest Hotel,2014,NA
1177,Citizenfour,2014,NA
1178,Guardians of the Galaxy,2014,NA
1179,The Theory of Everything,2014,NA
1180,The Look of Silence,2014,NA
1181,Star Wars: The Force Awakens,2015,NA
1182,The Revenant,2015,NA
1183,Son of Saul,2015,NA
1184,Bridge of Spies,2015,NA
1185,The Big Short,2015,NA
1186,Spotlight,2015,NA
1187,Tangerine,2015,NA
1188,Straight Outta Compton,2015,NA
1189,Mad Max: Fury Road,2015,NA
1190,Victoria,2015,NA
1191,La La Land,2016,NA
1192,Hell or High Water,2016,NA
1194,Jackie,2016,NA
1195,Toni Erdmann,2016,NA
1196,Under the Shadow,2016,NA
1197,Manchester by the Sea,2016,NA
1198,"I, Daniel Blake",2016,NA
1199,13th,2016,NA
1200,Arrival,2016,NA
1201,Moonlight,2016,NA
1202,The Handmaiden,2016,NA
1203,Dawson City: Frozen Time,2016,NA
1204,Lady Macbeth,2016,NA
1205,Lady Bird,2017,NA
1206,The Shape of Water,2017,NA
1207,"Three Billboards Outside Ebbing, Missouri",2017,NA
1208,Call Me by Your Name,2017,NA
1209,Mother!,2017,NA
1210,Blade Runner 2049,2017,NA
1211,Get Out,2017,NA
1212,Phantom Thread,2017,NA
1213,The Greatest Showman,2017,NA
1214,Black Panther,2018,NA
1215,Crazy Rich Asians,2018,NA
1216,Capernaum,2018,NA
1218,Avengers: Infinity War,2018,NA
1219,Roma,2018,NA
1220,Hereditary,2018,NA
1221,The Favourite,2018,NA
1222,Sorry to Bother You,2018,NA
1223,Vice,2018,NA
1224,BlacKkKlansman,2018,NA
1225,Avengers: Endgame,2019,NA
1226,Portrait of a Lady on Fire,2019,NA
1227,For Sama,2019,NA
1228,Booksmart,2019,NA
1229,Once Upon a Time in Hollywood,2019,NA
1230,The Farewell,2019,NA
1231,Joker,2019,NA
1232,Parasite,2019,NA
1233,Monos,2019,NA
1234,Little Women,2019,NA
1235,The Lighthouse,2019,NA
1236,The Vast of Night,2019,NA
1237,The Assistant,2019,NA
1238,Rocks,2019,NA
1239,Saint Maud,2019,NA
1240,Tenet,2020,NA
1241,Ma Rainey's Black Bottom,2020,NA
1242,Soul,2020,NA
1243,Never Rarely Sometimes Always,2020,NA
1244,Lovers Rock,2020,NA
1245,Nomadland,2020,NA
48,The Man with the Movie Camera,1929,N/A
56,Freedom for Us,1931,N/A
97,Bride of Frankenstein,1935,N/A
190,The Battle of San Pietro,1945,N/A
283,Les Diaboliques,1954,N/A
299,Marty,1955,N/A
339,The Unvanquished,1957,N/A
413,8 1/2,1963,N/A
464,Golden River,1965,N/A
467,Blowup,1966,N/A
491,The Fireman's Ball,1967,N/A
520,Lucía,1969,N/A
567,Cries and Whispers,1972,N/A
830,When Harry Met Sally,1989,N/A
905,The Wild Reeds,1994,N/A
1009,A One and a Two,2000,N/A
919,The Shawshank Redemption,1994,9.3
569,The Godfather,1972,9.2
333,12 Angry Men,1957,9
603,The Godfather: Part II,1974,9
894,Schindler's List,1993,9
1024,The Lord of the Rings: The Return of the King,2003,9
908,Pulp Fiction,1994,8.9
471,"The Good, the Bad, and the Ugly",1966,8.8
917,Forrest Gump,1994,8.8
993,Fight Club,1999,8.8
1022,The Lord of the Rings: The Fellowship of the Ring,2001,8.8
1023,The Lord of the Rings: The Two Towers,2002,8.8
620,One Flew Over the Cuckoo's Nest,1975,8.7
685,Star Wars: Episode V - The Empire Strikes Back,1980,8.7
724,Sunless,1983,8.7
762,Shoah,1985,8.7
848,Goodfellas,1990,8.7
998,The Matrix,1999,8.7
199,It's a Wonderful Life,1946,8.6
289,Seven Samurai,1954,8.6
305,Night and Fog,1955,8.6
642,Star Wars,1977,8.6
869,The Silence of the Lambs,1991,8.6
870,Terminator 2: Judgment Day,1991,8.6
927,Se7en,1995,8.6
973,Saving Private Ryan,1998,8.6
1025,Spirited Away,2001,8.6
1043,City of God,2002,8.6
59,City Lights,1931,8.5
101,Modern Times,1936,8.5
165,Casablanca,1942,8.5
285,Rear Window,1954,8.5
364,The World of Apu,1959,8.5
374,Spartacus,1960,8.5
378,Psycho,1960,8.5
435,Woman in the Dunes,1964,8.5
497,Once Upon a Time in the West,1968,8.5
673,Alien,1979,8.5
676,Apocalypse Now,1979,8.5
756,Back to the Future,1985,8.5
815,Cinema Paradiso,1988,8.5
816,Grave of the Fireflies,1988,8.5
903,The Lion King,1994,8.5
941,The Usual Suspects,1995,8.5
1007,Gladiator,2000,8.5
240,Sunset Blvd.,1950,8.4
330,Paths of Glory,1957,8.4
441,"Dr. Strangelove, or: How I Learned to Stop Worrying and Love the Bomb",1964,8.4
688,The Shining,1980,8.4
696,Raiders of the Lost Ark,1981,8.4
747,Amadeus,1984,8.4
752,Come and See,1985,8.4
777,Aliens,1986,8.4
924,Braveheart,1995,8.4
1012,Memento,2000,8.4
33,Metropolis,1927,8.3
63,M,1931,8.3
150,Citizen Kane,1941,8.3
181,Double Indemnity,1944,8.3
241,The Young and the Damned,1950,8.3
256,Singin' In the Rain,1952,8.3
258,To Live,1952,8.3
298,Ordet,1955,8.3
338,The Cranes are Flying,1957,8.3
347,Vertigo,1958,8.3
355,North by Northwest,1959,8.3
375,The Apartment,1960,8.3
404,Lawrence of Arabia,1962,8.3
405,To Kill a Mockingbird,1962,8.3
506,2001: A Space Odyssey,1968,8.3
542,A Clockwork Orange,1971,8.3
578,The Sting,1973,8.3
725,Star Wars: Episode VI - Return of the Jedi,1983,8.3
732,Scarface,1983,8.3
735,Once Upon a Time in America,1983,8.3
793,Full Metal Jacket,1987,8.3
863,A Brighter Summer Day,1991,8.3
880,Reservoir Dogs,1992,8.3
913,Hoop Dreams,1994,8.3
935,Heat,1995,8.3
936,Toy Story,1995,8.3
938,Toy Story 3,2010,8.3
968,Princess Mononoke,1997,8.3
995,American Beauty,1999,8.3
999,Taboo,1999,8.3
1010,Requiem for a Dream,2000,8.3
1027,Amélie,2001,8.3
1,A Trip to the Moon,1902,8.2
22,"Sherlock, Jr.",1924,8.2
43,The Passion of Joan of Arc,1928,8.2
67,I Am a Fugitive From a Chain Gang,1932,8.2
112,Make Way for Tomorrow,1937,8.2
115,Midnight Song,1937,8.2
133,Gone With the Wind,1939,8.2
161,To Be Or Not To Be,1942,8.2
223,The Treasure of the Sierra Madre,1948,8.2
236,Rashomon,1950,8.2
237,All About Eve,1950,8.2
259,Umberto D,1952,8.2
272,Tokyo Story,1953,8.2
297,Pather Panchali,1955,8.2
322,A Man Escaped,1956,8.2
354,Some Like It Hot,1959,8.2
371,Rocco and his Brothers,1960,8.2
372,The Adventure,1960,8.2
427,The Great Escape,1963,8.2
449,The Shop on Main Street,1965,8.2
511,Z,1969,8.2
544,The Sorrow and the Pity,1971,8.2
602,Dersu Uzala,1975,8.2
606,Chinatown,1974,8.2
617,Monty Python and the Holy Grail,1975,8.2
635,Taxi Driver,1976,8.2
689,The Elephant Man,1980,8.2
715,The Thing,1982,8.2
731,Koyaanisqatsi,1983,8.2
755,Ran,1985,8.2
821,Die Hard,1988,8.2
849,Close-Up,1990,8.2
883,Unforgiven,1992,8.2
901,Jurassic Park,1993,8.2
914,Sátántangó,1994,8.2
943,Casino,1995,8.2
960,L.A. Confidential,1997,8.2
990,The Sixth Sense,1999,8.2
29,The Gold Rush,1925,8.1
34,Sunrise,1927,8.1
35,The General,1927,8.1
41,The Crowd,1928,8.1
89,It Happened One Night,1934,8.1
113,Grand Illusion,1937,8.1
129,Mr. Smith Goes to Washington,1939,8.1
137,The Wizard of Oz,1939,8.1
143,Rebecca,1940,8.1
145,The Grapes of Wrath,1940,8.1
194,The Best Years of Our Lives,1946,8.1
212,The Bicycle Thief,1948,8.1
222,The Red Shoes,1948,8.1
227,White Heat,1949,8.1
229,The Heiress,1949,8.1
230,The Third Man,1949,8.1
281,On the Waterfront,1954,8.1
329,Throne of Blood,1957,8.1
332,The Seventh Seal,1957,8.1
334,Wild Strawberries,1957,8.1
337,Nights of Cabiria,1957,8.1
340,The Bridge on the River Kwai,1957,8.1
356,The 400 Blows,1959,8.1
361,Ben-Hur,1959,8.1
384,Viridiana,1961,8.1
400,An Autumn Afternoon,1962,8.1
402,The Man Who Shot Liberty Valance,1962,8.1
454,The Battle of Algiers,1965,8.1
455,The Sound of Music,1965,8.1
472,Persona,1966,8.1
478,Cool Hand Luke,1967,8.1
513,Andrei Rublev,1966,8.1
538,Woodstock,1970,8.1
592,The Exorcist,1973,8.1
607,A Woman Under the Influence,1974,8.1
613,Barry Lyndon,1975,8.1
628,Jaws,1975,8.1
633,Network,1976,8.1
636,Rocky,1976,8.1
660,The Deer Hunter,1978,8.1
669,Stalker,1979,8.1
692,Raging Bull,1980,8.1
710,Blade Runner,1982,8.1
716,Fanny and Alexander,1982,8.1
737,The Terminator,1984,8.1
740,"Paris, Texas",1984,8.1
773,Platoon,1986,8.1
782,Stand By Me,1986,8.1
874,Raise the Red Lantern,1991,8.1
875,Hearts of Darkness: A Filmmaker's Apocalypse,1991,8.1
896,Farewell My Concubine,1993,8.1
897,Groundhog Day,1993,8.1
909,Three Colors: Red,1994,8.1
930,Underground,1995,8.1
945,Trainspotting,1996,8.1
946,Fargo,1996,8.1
976,The Celebration,1998,8.1
982,"Lock, Stock, and Two Smoking Barrels",1998,8.1
987,The Big Lebowski,1998,8.1
1006,In the Mood for Love,2000,8.1
1011,Amores Perros,2000,8.1
6,The Cabinet of Dr. Caligari,1920,8
11,The Phantom Carriage,1921,8
20,The Last Laugh,1924,8
23,The Great White Silence,1924,8
24,Greed,1924,8
71,Trouble in Paradise,1932,8
104,My Man Godfrey,1936,8
157,The Maltese Falcon,1941,8
168,The Ox-Bow Incident,1943,8
169,The Life and Death of Colonel Blimp,1943,8
191,Brief Encounter,1945,8
192,"Rome, Open City",1945,8
197,Beauty and the Beast,1946,8
208,Out of the Past,1947,8
231,Kind Hearts and Coronets,1949,8
254,Forbidden Games,1952,8
260,High Noon,1952,8
278,Roman Holiday,1953,8
310,The Night of the Hunter,1955,8
319,The Burmese Harp,1956,8
341,Sweet Smell of Success,1957,8
343,Touch of Evil,1958,8
351,My Uncle,1958,8
362,Anatomy of a Murder,1959,8
365,Rio Bravo,1959,8
369,La Dolce Vita,1960,8
391,The Hustler,1961,8
393,Through a Glass Darkly,1961,8
409,The Exterminating Angel,1962,8
412,What Ever Happened to Baby Jane?,1962,8
420,The Leopard,1963,8
431,Winter Light,1963,8
451,The War Game,1965,8
466,Who's Afraid of Virginia Woolf?,1966,8
481,The Graduate,1967,8
500,Rosemary's Baby,1968,8
516,Butch Cassidy and the Sundance Kid,1969,8
557,The Last Picture Show,1971,8
566,Solaris,1972,8
576,Sleuth,1972,8
583,Papillon,1973,8
589,Day for Night,1973,8
608,Young Frankenstein,1974,8
612,Ali: Fear Eats the Soul,1974,8
619,Dog Day Afternoon,1975,8
646,Annie Hall,1977,8
670,Life of Brian,1979,8
674,Being There,1979,8
709,Yol,1982,8
713,Fitzcarraldo,1982,8
714,Gandhi,1982,8
785,Goodbye Children,1987,8
789,Wings of Desire,1987,8
791,The Princess Bride,1987,8
810,The Thin Blue Line,1988,8
811,Akira,1988,8
820,Rain Man,1988,8
826,Landscape in the Mist,1988,8
840,Do the Right Thing,1989,8
852,Dances with Wolves,1990,8
864,JFK,1991,8
906,Crumb,1994,8
921,Chungking Express,1994,8
992,Magnolia,1999,8
1029,Y Tu Mama Tambien,2001,8
1042,Bowling for Columbine,2002,8
30,The Big Parade,1925,7.9
55,Earth,1930,7.9
92,The Thin Man,1934,7.9
117,Captains Courageous,1937,7.9
121,The Adventures of Robin Hood,1938,7.9
122,Angels with Dirty Faces,1938,7.9
138,The Rules of the Game,1939,7.9
144,The Philadelphia Story,1940,7.9
156,Sullivan's Travels,1941,7.9
160,"Now, Voyager",1942,7.9
170,Meshes of the Afternoon,1943,7.9
176,Laura,1944,7.9
185,Mildred Pierce,1945,7.9
188,The Lost Weekend,1945,7.9
200,The Big Sleep,1946,7.9
205,Notorious,1946,7.9
213,Letter From an Unknown Woman,1948,7.9
221,Rope,1948,7.9
234,Orpheus,1950,7.9
242,In a Lonely Place,1950,7.9
244,Strangers on a Train,1951,7.9
245,A Streetcar Named Desire,1951,7.9
268,The Earrings of Madame De...,1953,7.9
279,The Big Heat,1953,7.9
317,The Ten Commandments,1956,7.9
318,The Searchers,1956,7.9
350,The Music Room,1958,7.9
358,Hiroshima Mon Amour,1959,7.9
366,Floating Weeds,1959,7.9
377,The Cloud-Capped Star,1960,7.9
397,Cleo From 5 to 7,1962,7.9
450,Doctor Zhivago,1965,7.9
489,In the Heat of the Night,1967,7.9
490,Marketa Lazarová,1967,7.9
496,The Cow,1969,7.9
519,Kes,1969,7.9
522,The Wild Bunch,1969,7.9
525,The Conformist,1970,7.9
533,Patton,1970,7.9
551,Harold and Maude,1971,7.9
616,The Travelling Players,1975,7.9
625,Cria!,1975,7.9
630,All the President's Men,1976,7.9
704,E.T.: The Extra-Terrestrial,1982,7.9
720,A Christmas Story,1983,7.9
742,This is Spinal Tap,1984,7.9
753,Mishima: A Life in Four Chapters,1985,7.9
757,Brazil,1985,7.9
783,Tampopo,1985,7.9
856,Edward Scissorhands,1990,7.9
895,Three Colors: Blue,1993,7.9
937,Toy Story 2,1999,7.9
959,Boogie Nights,1997,7.9
964,Titanic,1997,7.9
1013,"Crouching Tiger, Hidden Dragon",2000,7.9
1014,Nine Queens,2000,7.9
1020,Dancer in the Dark,2000,7.9
1026,No Man's Land,2001,7.9
1036,Mulholland Drive,2001,7.9
13,"Dr. Mabuse, the Gambler",1922,7.8
18,Our Hospitality,1923,7.8
31,Seven Chances,1925,7.8
32,The Adventures of Prince Achmed,1926,7.8
45,"Steamboat Bill, Jr.",1928,7.8
49,Pandora's Box,1929,7.8
53,All Quiet on the Western Front,1930,7.8
61,Frankenstein,1931,7.8
73,Freaks,1932,7.8
79,Duck Soup,1933,7.8
90,L'Atalante,1934,7.8
96,A Night at the Opera,1935,7.8
103,Mr. Deeds Goes to Town,1936,7.8
108,Dodsworth,1936,7.8
124,Bringing Up Baby,1938,7.8
127,The Lady Vanishes,1938,7.8
130,Stagecoach,1939,7.8
136,Ninotchka,1939,7.8
141,His Girl Friday,1940,7.8
173,Shadow of a Doubt,1943,7.8
178,To Have and Have Not,1944,7.8
179,Gaslight,1944,7.8
184,"Ivan the Terrible, Part II: The Boyars’ Plot",1958,7.8
209,Monsieur Verdoux,1947,7.8
211,The Ghost and Mrs. Muir,1947,7.8
217,Red River,1948,7.8
235,The Asphalt Jungle,1950,7.8
251,Diary of a Country Priest,1951,7.8
257,The Bad and the Beautiful,1952,7.8
342,Mother India,1957,7.8
348,Ashes and Diamonds,1958,7.8
416,The Servant,1963,7.8
418,The House is Black,1963,7.8
419,Hud,1963,7.8
433,My Fair Lady,1964,7.8
436,Shadows of Forgotten Ancestors,1965,7.8
444,The Umbrellas of Cherbourg,1964,7.8
446,Mary Poppins,1964,7.8
452,Tokyo Olympiad,1965,7.8
461,The Saragossa Manuscript,1965,7.8
479,Playtime,1967,7.8
507,Night of the Living Dead,1968,7.8
515,Midnight Cowboy,1969,7.8
523,My Night at Maud's,1969,7.8
539,Gimme Shelter,1970,7.8
546,The Devils,1971,7.8
564,"Aguirre, the Wrath of God",1972,7.8
565,Cabaret,1972,7.8
568,The Discreet Charm of the Bourgeoisie,1972,7.8
579,The Mother and the Whore,1973,7.8
596,The Spirit of the Beehive,1973,7.8
604,The Conversation,1974,7.8
631,The Outlaw Josey Wales,1976,7.8
656,Days of Heaven,1978,7.8
658,The Tree of Wooden Clogs,1978,7.8
675,Manhattan,1979,7.8
677,All That Jazz,1979,7.8
683,Kramer vs. Kramer,1979,7.8
722,The Right Stuff,1983,7.8
726,The Ballad of Narayama,1983,7.8
733,The King of Comedy,1983,7.8
739,Ghostbusters,1984,7.8
745,The Killing Fields,1984,7.8
751,The Breakfast Club,1985,7.8
768,Hannah and Her Sisters,1986,7.8
778,Ferris Bueller's Day Off,1986,7.8
795,Babette's Feast,1987,7.8
799,The Untouchables,1987,7.8
831,Crimes and Misdemeanors,1989,7.8
834,Glory,1989,7.8
836,My Left Foot,1989,7.8
837,The Killer,1989,7.8
844,A City of Sadness,1989,7.8
860,Boyz 'N the Hood,1991,7.8
954,Breaking the Waves,1996,7.8
997,All About My Mother,1999,7.8
5,Intolerance,1916,7.7
36,The Unknown,1927,7.7
52,The Blue Angel,1930,7.7
81,Gold Diggers of 1933,1933,7.7
88,The Goddess,1934,7.7
98,Captain Blood,1935,7.7
99,Top Hat,1935,7.7
111,Pépé le Moko,1937,7.7
118,The Awful Truth,1937,7.7
142,Fantasia,1940,7.7
146,The Mortal Storm,1940,7.7
151,Sergeant York,1941,7.7
152,The Lady Eve,1941,7.7
155,How Green Was My Valley,1941,7.7
174,Ossessione,1943,7.7
183,"Ivan the Terrible, Part I",1944,7.7
198,The Killers,1946,7.7
204,My Darling Clementine,1946,7.7
206,Black Narcissus,1946,7.7
248,The African Queen,1951,7.7
249,A Place in the Sun,1951,7.7
253,The Quiet Man,1952,7.7
304,Bad Day at Black Rock,1955,7.7
313,Smiles of a Summer Night,1955,7.7
373,Breathless,1960,7.7
383,Splendor in the Grass,1961,7.7
395,Last Year at Marienbad,1961,7.7
408,A Dog's Life,1962,7.7
410,Jules and Jim,1962,7.7
432,Goldfinger,1964,7.7
448,The Gospel According to St. Matthew,1964,7.7
458,Chimes at Midnight,1965,7.7
460,Vinyl,1965,7.7
477,Belle de Jour,1967,7.7
483,The Young Girls of Rochefort,1967,7.7
493,Bonnie and Clyde,1967,7.7
531,The Ear,1970,7.7
541,Dirty Harry,1971,7.7
552,The French Connection,1971,7.7
563,Deliverance,1972,7.7
581,Badlands,1973,7.7
587,Serpico,1973,7.7
593,F for Fake,1973,7.7
598,Fantastic Planet,1973,7.7
610,Blazing Saddles,1974,7.7
638,1900,1976,7.7
643,Stroszek,1977,7.7
650,Man of Marble,1977,7.7
657,Halloween,1978,7.7
667,The Marriage of Maria Braun,1979,7.7
672,Breaking Away,1979,7.7
679,Christ Stopped at Eboli,1979,7.7
684,Ordinary People,1980,7.7
693,Airplane!,1980,7.7
728,El Norte,1983,7.7
760,The Purple Rose of Cairo,1985,7.7
761,Vagabond,1985,7.7
763,The Color Purple,1985,7.7
765,The Official Story,1985,7.7
767,Blue Velvet,1986,7.7
774,Down By Law,1986,7.7
787,Brightness,1987,7.7
807,The Vanishing,1988,7.7
818,Who Framed Roger Rabbit?,1988,7.7
872,The Double Life of Veronique,1991,7.7
881,Glengarry Glen Ross,1992,7.7
891,Philadelphia,1993,7.7
893,Short Cuts,1993,7.7
915,Clerks,1994,7.7
918,Through the Olive Trees,1994,7.7
939,Toy Story 4,2019,7.7
962,Open Your Eyes,1997,7.7
965,Taste of Cherry,1997,7.7
967,Happy Together,1997,7.7
974,Run Lola Run,1998,7.7
979,Happiness,1998,7.7
989,Being John Malkovich,1999,7.7
1021,"O Brother, Where Art Thou?",2000,7.7
14,Nanook of the North,1922,7.6
16,Häxan,1923,7.6
40,The Kid Brother,1927,7.6
62,The Public Enemy,1931,7.6
94,Mutiny on the Bounty,1935,7.6
95,The 39 Steps,1935,7.6
105,The Story of a Cheat,1936,7.6
116,Snow White and the Seven Dwarfs,1937,7.6
131,Only Angels Have Wings,1939,7.6
132,Destry Rides Again,1939,7.6
162,The Magnificent Ambersons,1942,7.6
163,Yankee Doodle Dandy,1942,7.6
164,Mrs. Miniver,1942,7.6
195,Paisan,1946,7.6
201,Gilda,1946,7.6
210,Odd Man Out,1947,7.6
219,The Snake Pit,1948,7.6
225,Gun Crazy,1949,7.6
238,Winchester '73,1950,7.6
265,Pickup on South Street,1953,7.6
273,From Here to Eternity,1953,7.6
276,Shane,1953,7.6
284,A Star is Born,1954,7.6
292,Johnny Guitar,1954,7.6
301,Rebel Without a Cause,1955,7.6
315,All That Heaven Allows,1955,7.6
325,Giant,1956,7.6
335,The Incredible Shrinking Man,1957,7.6
345,The Defiant Ones,1958,7.6
357,Pickpocket,1959,7.6
367,Eyes Without a Face,1960,7.6
380,Peeping Tom,1960,7.6
386,Breakfast at Tiffany's,1961,7.6
390,West Side Story,1961,7.6
414,The Birds,1963,7.6
462,Repulsion,1965,7.6
470,Seconds,1966,7.6
473,Balthazar,1966,7.6
480,The Red and the White,1967,7.6
487,Closely Watched Trains,1967,7.6
503,Memories of Underdevelopment,1968,7.6
549,Walkabout,1971,7.6
559,Murmur of the Heart,1971,7.6
562,Wake in Fright,1971,7.6
571,The Bitter Tears of Petra Von Kant,1972,7.6
584,The Long Goodbye,1973,7.6
586,Enter the Dragon,1973,7.6
615,"Jeanne Dielman, 23 Quai du Commerce, 1080 Bruxelles",1975,7.6
622,Fox and his Friends,1975,7.6
623,Nashville,1975,7.6
640,Close Encounters of the Third Kind,1977,7.6
654,Soldier of Orange,1977,7.6
678,The Muppet Movie,1979,7.6
779,The Fly,1986,7.6
814,The Naked Gun,1988,7.6
822,Dangerous Liaisons,1988,7.6
824,RoboCop,1987,7.6
857,Europa Europa,1990,7.6
871,Delicatessen,1991,7.6
899,The Wedding Banquet,1993,7.6
929,The White Balloon,1995,7.6
949,Shine,1996,7.6
975,Rushmore,1998,7.6
980,The Thin Red Line,1998,7.6
1019,Traffic,2000,7.6
1037,The Royal Tenenbaums,2001,7.6
1217,A Star is Born,2018,7.6
19,The Wheel,1923,7.5
37,October,1927,7.5
42,The Docks of New York,1928,7.5
57,Limite,1931,7.5
69,Love Me Tonight,1932,7.5
76,Footlight Parade,1933,7.5
84,Sons of the Desert,1933,7.5
85,Queen Christina,1933,7.5
102,Swing Time,1936,7.5
109,A Day in the Country,1936,7.5
123,The Baker's Wife,1938,7.5
128,Wuthering Heights,1939,7.5
148,Pinocchio,1940,7.5
154,High Sierra,1941,7.5
159,The Palm Beach Story,1942,7.5
177,Meet Me in St. Louis,1944,7.5
180,Henry V,1944,7.5
182,"Murder, My Sweet",1944,7.5
187,I Know Where I'm Going!,1945,7.5
193,Spellbound,1945,7.5
220,The Lady From Shanghai,1948,7.5
228,Adam's Rib,1949,7.5
250,The Lavender Hill Mob,1951,7.5
264,Summer with Monika,1953,7.5
308,Kiss Me Deadly,1955,7.5
320,Forbidden Planet,1956,7.5
349,Cairo Station,1958,7.5
368,Saturday Night and Sunday Morning,1960,7.5
387,Lola,1961,7.5
394,Chronicle of a Summer,1961,7.5
401,Lolita,1962,7.5
421,Barren Lives,1963,7.5
423,Contempt,1963,7.5
443,A Hard Day's Night,1964,7.5
453,Juliet of the Spirits,1965,7.5
505,Hour of the Wolf,1968,7.5
510,The Producers,1968,7.5
517,A Touch of Zen,1969,7.5
532,Little Big Man,1970,7.5
585,The Wicker Man,1973,7.5
605,The Mirror,1974,7.5
681,The Tin Drum,1979,7.5
694,An American Werewolf in London,1981,7.5
806,Women on the Verge of a Nervous Breakdown,1988,7.5
809,Ariel,1988,7.5
812,A Fish Called Wanda,1988,7.5
832,Batman,1989,7.5
833,Field of Dreams,1989,7.5
835,"The Cook, the Thief, His Wife, & Her Lover",1989,7.5
855,Total Recall,1990,7.5
861,The Beautiful Troublemaker,1991,7.5
879,The Player,1992,7.5
898,The Piano,1993,7.5
912,"The Adventures of Priscilla, Queen of the Desert",1994,7.5
940,Dead Man,1995,7.5
963,The Sweet Hereafter,1997,7.5
1004,Eyes Wide Shut,1999,7.5
1031,The Piano Teacher,2001,7.5
1040,Gangs of New York,2002,7.5
9,Way Down East,1920,7.4
25,The Thief of Bagdad,1924,7.4
60,Dracula,1931,7.4
114,Stella Dallas,1937,7.4
120,Jezebel,1938,7.4
266,The Band Wagon,1953,7.4
293,Salt of the Earth,1954,7.4
321,Written on the Wind,1956,7.4
323,Bigger Than Life,1956,7.4
324,Invasion of the Body Snatchers,1956,7.4
326,The Wrong Man,1956,7.4
328,The Man Who Knew Too Much,1956,7.4
331,An Affair to Remember,1957,7.4
353,Dracula,1958,7.4
360,Black Orpheus,1959,7.4
379,Shoot the Piano Player,1960,7.4
382,The Young One,1960,7.4
415,Passenger,1963,7.4
429,An Actor's Revenge,1963,7.4
474,Masculine-Feminine,1966,7.4
492,The Jungle Book,1967,7.4
495,Hombre,1967,7.4
498,Faces,1968,7.4
501,If...,1968,7.4
521,In the Year of the Pig,1969,7.4
524,Tristana,1970,7.4
528,Five Easy Pieces,1970,7.4
535,M*A*S*H,1970,7.4
560,Straw Dogs,1971,7.4
574,Frenzy,1972,7.4
580,High Plains Drifter,1973,7.4
582,American Graffiti,1973,7.4
599,Amarcord,1973,7.4
601,Bring Me the Head of Alfredo Garcia,1974,7.4
609,The Texas Chain Saw Massacre,1974,7.4
614,The Rocky Horror Picture Show,1975,7.4
626,Picnic at Hanging Rock,1975,7.4
634,Carrie,1976,7.4
645,The American Friend,1977,7.4
698,Gallipoli,1981,7.4
700,Body Heat,1981,7.4
705,The Evil Dead,1982,7.4
712,Tootsie,1982,7.4
727,Terms of Endearment,1983,7.4
738,The Natural,1984,7.4
741,A Nightmare on Elm Street,1984,7.4
746,Stranger than Paradise,1984,7.4
772,Salvador,1986,7.4
792,A Chinese Ghost Story,1987,7.4
825,"Distant Voices, Still Lives",1988,7.4
859,Jacob's Ladder,1990,7.4
885,Man Bites Dog,1992,7.4
923,Lamerica,1994,7.4
928,Smoke,1995,7.4
950,Scream,1996,7.4
952,The English Patient,1996,7.4
953,Lone Star,1996,7.4
957,The Ice Storm,1997,7.4
977,Buffalo '66,1998,7.4
1000,Rosetta,1999,7.4
1001,The Wind Will Carry Us,1999,7.4
1016,"Ali Zaoua, Prince of the Streets",2000,7.4
1193,The Jungle Book,2016,7.4
2,The Great Train Robbery,1903,7.3
4,Les Vampires,1915,7.3
10,Orphans of the Storm,1921,7.3
39,Napoléon,1927,7.3
58,Tabu,1931,7.3
68,Boudu Saved from Drowning,1932,7.3
70,Shanghai Express,1932,7.3
75,42nd Street,1933,7.3
106,Camille,1936,7.3
186,Detour,1945,7.3
207,The Stranger,1946,7.3
216,Spring in a Small Town,1948,7.3
233,On the Town,1949,7.3
271,The Naked Spur,1953,7.3
294,Seven Brides for Seven Brothers,1954,7.3
307,The Man with the Golden Arm,1955,7.3
316,The Man From Laramie,1955,7.3
352,Some Came Running,1958,7.3
422,Shock Corridor,1963,7.3
445,Gertrud,1964,7.3
468,Daisies,1966,7.3
482,Point Blank,1967,7.3
508,Targets,1968,7.3
518,Easy Rider,1969,7.3
540,The Garden of the Finzi-Continis,1970,7.3
572,Fat City,1972,7.3
611,Celine and Julie Go Boating,1974,7.3
632,The Killing of a Chinese Bookie,1976,7.3
647,Suspiria,1977,7.3
653,Eraserhead,1977,7.3
659,The Chant of Jimmie Blacksmith,1978,7.3
661,Dawn of the Dead,1978,7.3
686,Atlantic City,1980,7.3
687,The Last Metro,1980,7.3
701,Man of Iron,1981,7.3
702,Reds,1981,7.3
708,Poltergeist,1982,7.3
717,The Night of the Shooting Stars,1982,7.3
734,Local Hero,1983,7.3
743,A Passage to India,1984,7.3
744,Beverly Hills Cop,1984,7.3
758,Kiss of the Spider Woman,1985,7.3
776,Peking Opera Blues,1986,7.3
786,Raising Arizona,1987,7.3
796,"Good Morning, Vietnam",1987,7.3
798,Wall Street,1987,7.3
800,Red Sorghum,1987,7.3
817,Big,1988,7.3
838,Drugstore Cowboy,1989,7.3
845,Say Anything,1989,7.3
900,Thirty Two Short Films About Glenn Gould,1993,7.3
907,Heavenly Creatures,1994,7.3
942,Zero Kelvin,1995,7.3
966,Deconstructing Harry,1997,7.3
972,Mother and Son,1997,7.3
983,Pi,1998,7.3
996,Beau Travail,1999,7.3
1028,What Time Is It There?,2001,7.3
1032,The Son's Room,2001,7.3
1034,Monsoon Wedding,2001,7.3
7,Broken Blossoms,1919,7.2
27,The Phantom of the Opera,1925,7.2
51,Little Caesar,1931,7.2
80,Zero for Conduct,1933,7.2
82,King Kong,1933,7.2
86,Triumph of the Will,1934,7.2
119,The Life of Emile Zola,1937,7.2
135,Gunga Din,1939,7.2
153,The Wolf Man,1941,7.2
158,Dumbo,1941,7.2
166,Cat People,1942,7.2
215,Force of Evil,1948,7.2
246,An American in Paris,1951,7.2
262,Angel Face,1952,7.2
282,The Road,1954,7.2
295,Animal Farm,1954,7.2
306,The Phenix City Story,1955,7.2
363,Shadows,1959,7.2
442,"Black God, White Devil",1964,7.2
494,Viy,1967,7.2
509,Shame,1968,7.2
527,El Topo,1970,7.2
529,Deep End,1970,7.2
561,Two-Lane Blacktop,1971,7.2
588,Don't Look Now,1973,7.2
590,Mean Streets,1973,7.2
652,Killer of Sheep,1977,7.2
663,Grease,1978,7.2
697,The Boat,1981,7.2
719,The Draughtsman's Contract,1982,7.2
729,The Fourth Man,1983,7.2
730,Videodrome,1983,7.2
764,A Room with a View,1985,7.2
766,Manhunter,1986,7.2
770,Children of a Lesser God,1986,7.2
781,Sherman's March,1986,7.2
794,Broadcast News,1987,7.2
803,Housekeeping,1987,7.2
823,Dead Ringers,1988,7.2
827,The Story of Women,1988,7.2
829,Drowning By Numbers,1988,7.2
841,The Unbelievable Truth,1989,7.2
843,"Sex, Lies, and Videotape",1989,7.2
858,Reversal of Fortune,1990,7.2
866,Once Upon a Time in China,1991,7.2
878,Strictly Ballroom,1992,7.2
882,A Tale of Winter,1992,7.2
886,The Crying Game,1992,7.2
887,Bram Stoker's Dracula,1992,7.2
902,The Age of Innocence,1993,7.2
910,Natural Born Killers,1994,7.2
911,Muriel's Wedding,1994,7.2
920,Dear Diary,1994,7.2
932,Cyclo,1995,7.2
944,Strange Days,1995,7.2
1038,Lantana,2001,7.2
1039,A.I.: Artificial Intelligence,2001,7.2
1041,Russian Ark,2002,7.2
1144,Shame,2011,7.2
87,It's a Gift,1934,7.1
147,The Bank Dick,1940,7.1
226,The Reckless Moment,1949,7.1
277,Gentlemen Prefer Blondes,1953,7.1
309,Guys and Dolls,1955,7.1
336,Gunfight at the O.K. Corral,1957,7.1
346,Man of the West,1958,7.1
359,Ride Lonesome,1959,7.1
381,Black Sunday,1960,7.1
396,One-Eyed Jacks,1961,7.1
438,Marnie,1964,7.1
534,The Bird with the Crystal Plumage,1970,7.1
550,Klute,1971,7.1
558,Wanda,1971,7.1
591,Sleeper,1973,7.1
595,Turkish Delight,1973,7.1
666,My Brilliant Career,1979,7.1
682,The Jerk,1979,7.1
690,The Big Red One,1980,7.1
695,Diva,1981,7.1
699,Chariots of Fire,1981,7.1
703,Three Brothers,1981,7.1
706,Fast Times at Ridgemont High,1982,7.1
711,Diner,1982,7.1
723,The Big Chill,1983,7.1
754,Out of Africa,1985,7.1
775,The Decline of the American Empire,1986,7.1
797,Moonstruck,1987,7.1
851,Pretty Woman,1990,7.1
873,Tongues Untied,1989,7.1
892,The Puppetmaster,1993,7.1
916,Four Weddings and a Funeral,1994,7.1
970,The Butcher Boy,1997,7.1
986,There's Something About Mary,1998,7.1
991,Three Kings,1999,7.1
994,Audition,1999,7.1
1005,The Gleaners and I,2000,7.1
17,Foolish Wives,1922,7
46,Storm Over Asia,1928,7
175,I Walked with a Zombie,1943,7
239,Rio Grande,1950,7
261,The Golden Coach,1953,7
312,Oklahoma!,1955,7
457,Alphaville,1965,7
600,The Towering Inferno,1974,7
639,Ascent,1977,7
641,The Last Wave,1977,7
665,Five Deadly Venoms,1978,7
671,Real Life,1979,7
804,Bull Durham,1988,7
842,Roger & Me,1989,7
853,Henry: Portrait of a Serial Killer,1990,7
865,Slacker,1991,7
867,Thelma & Louise,1991,7
868,My Own Private Idaho,1991,7
904,The Last Seduction,1994,7
922,The Kingdom,1994,7
955,Independence Day,1996,7
971,Kundun,1997,7
1017,Meet the Parents,2000,7
1033,Moulin Rouge,2001,7
21,Strike,1924,6.9
50,Blackmail,1929,6.9
77,The Bitter Tea of General Yen,1933,6.9
91,The Black Cat,1934,6.9
100,Peter Ibbetson,1935,6.9
107,Things to Come,1936,6.9
247,Pandora and the Flying Dutchman,1951,6.9
263,The Big Sky,1952,6.9
288,The Barefoot Contessa,1954,6.9
327,High Society,1956,6.9
439,The Masque of the Red Death,1964,6.9
469,Come Drink With Me,1966,6.9
530,The Spider's Stratagem,1970,6.9
536,Zabriskie Point,1970,6.9
547,The Hired Hand,1971,6.9
570,Last Tango in Paris,1972,6.9
597,The Harder They Come,1973,6.9
662,Up in Smoke,1978,6.9
748,Utu,1984,6.9
780,Top Gun,1986,6.9
784,The Horse Thief,1986,6.9
801,Fatal Attraction,1987,6.9
813,A Tale of the Wind,1988,6.9
846,Trust,1990,6.9
850,King of New York,1990,6.9
876,Naked Lunch,1991,6.9
926,Babe,1995,6.9
933,Clueless,1995,6.9
947,Gabbeh,1996,6.9
948,Three Lives and Only One Death,1996,6.9
981,Tetsuo,1989,6.9
1003,Attack the Gas Station,1999,6.9
149,"Dance, Girl, Dance",1940,6.8
203,Great Expectations,1946,6.8
270,The Bigamist,1953,6.8
287,Silver Lode,1954,6.8
291,Carmen Jones,1954,6.8
437,Scorpio Rising,1964,6.8
440,Before the Revolution,1964,6.8
512,Fellini Satyricon,1969,6.8
553,Red Psalm,1972,6.8
651,Saturday Night Fever,1977,6.8
680,Mad Max,1979,6.8
769,She's Gotta Have It,1986,6.8
877,Romper Stomper,1992,6.8
984,The Idiots,1998,6.8
1018,Signs & Wonders,2000,6.8
1030,Kandahar,2001,6.8
134,Daybreak,1939,6.7
171,The Seventh Victim,1943,6.7
214,Secret Beyond the Door,1948,6.7
388,The Exiles,1961,6.7
456,The Man Who Had His Hair Cut Short,1965,6.7
537,Performance,1970,6.7
548,W.R.: Mysteries of the Organism,1971,6.7
644,Ceddo,1977,6.7
691,Loulou,1980,6.7
736,The Last Battle,1983,6.7
749,Prizzi's Honor,1985,6.7
759,The Quiet Earth,1985,6.7
828,The Accidental Tourist,1988,6.7
888,Candyman,1992,6.7
1002,Time Regained,1999,6.7
74,Me and My Gal,1932,6.6
196,The Postman Always Rings Twice,1946,6.6
218,The Paleface,1948,6.6
302,The Mad Masters,1955,6.6
344,Gigi,1958,6.6
411,The Manchurian Candidate,1962,6.6
459,"Faster, Pussycat! Kill! Kill!",1965,6.6
629,The Man Who Fell to Earth,1976,6.6
637,In the Realm of the Senses,1976,6.6
718,A Question of Silence,1982,6.6
808,Alice,1988,6.6
839,The Asthenic Syndrome,1989,6.6
47,A Throw of Dice,1929,6.5
167,Fires Were Started,1943,6.5
172,The Man in Grey,1943,6.5
224,Louisiana Story,1948,6.5
269,Wages of Fear,1953,6.5
300,Artists and Models,1955,6.5
385,The Pier,1962,6.5
425,The Cool World,1963,6.5
502,David Holzman's Diary,1968,6.5
771,Caravaggio,1986,6.5
934,Safe,1995,6.5
956,The Pillow Book,1996,6.5
961,Funny Games,1997,6.5
988,The Blair Witch Project,1999,6.5
8,Within Our Gates,1920,6.4
38,The Jazz Singer,1927,6.4
280,Beat the Devil,1953,6.4
376,The Housemaid,1960,6.4
475,Report,1967,6.4
655,The Hills Have Eyes,1977,6.4
854,Archangel,1990,6.4
884,The Actress,1992,6.4
1035,Fat Girl,2001,6.4
78,She Done Him Wrong,1933,6.3
140,Babes in Arms,1939,6.3
648,Sleeping Dogs,1977,6.3
649,Last Chants for a Slow Dance,1977,6.3
862,The Rapture,1991,6.3
978,Ring,1998,6.3
3,The Birth of a Nation,1915,6.2
26,The Eagle,1925,6.2
93,Judge Priest,1934,6.2
311,The Ladykillers,1955,6.2
370,The Hole,1960,6.2
398,Dog Star Man,1962,6.2
618,The Wall,1975,6.2
627,India Song,1975,6.2
951,Secrets & Lies,1996,6.2
1008,Kippur,2000,6.2
407,The Eclipse,1962,6
555,Shaft,1971,6
575,Pink Flamingos,1972,6
484,Week End,1967,5.9
985,Sombre,1998,5.9
1015,The Captive,2000,5.9
66,The Vampire,1932,5.8
303,Hill 24 Doesn't Answer,1955,5.8
573,The Heartbreak Kid,1972,5.8
624,"Salo, or the 120 Days of Sodom",1975,5.8
925,Deseret,1995,5.8
64,The Million,1931,5.7
110,Sabotage,1936,5.7
426,The Nutty Professor,1963,5.7
428,Méditerranée,1963,5.7
499,Planet of the Apes,1968,5.7
504,High School,1968,5.7
802,The Dead,1987,5.7
707,"Too Early, Too Late",1982,5.6
252,The Day the Earth Stood Still,1951,5.5
389,The Night,1961,5.5
556,Sweet Sweetback's Baadasssss Song,1971,5.5
721,Money,1983,5.5
486,Wavelength,1967,5.4
465,Hold Me While I'm Naked,1966,5.3
790,Withnail and I,1987,5.3
392,The Ladies Man,1961,5.2
577,Superfly,1972,5.2
403,Heaven and Earth Magic,1962,5.1
554,Get Carter,1971,5.1
202,A Matter of Life and Death,1946,5
430,The Haunting,1963,5
417,Flaming Creatures,1963,4.6
545,Willy Wonka and the Chocolate Factory,1971,4.6
65,The Bitch,1931,3.7
447,The Demon,1964,3.6
526,The Butcher,1970,3.6
485,The Godson,1967,3.3
424,Blonde Cobra,1963,3